{
  "sites": [
    {
      "app": "Facebook",
      "id": 1,
      "method": "GET",
      "url": "https://m.facebook.com/{username}?_rdr",
      "valid": "response.status == 200"
    },
    {
      "app": "YouTube",
      "id": 2,
      "method": "GET",
      "url": "https://www.youtube.com/user/{username}",
      "valid": "response.status == 200"
    },
    {
      "app": "Twitter",
      "id": 3,
      "method": "GET",
      "url": "https://nitter.net/{username}",
      "valid": "response.status == 200",
      "metadata": [
        {
          "type": "generic-data",
          "key": "Name",
          "value": "soup.find('a', class_='profile-card-fullname')['title']"
        },
        {
          "type": "generic-data",
          "key": "Bio",
          "value": "soup.find('div',class_='profile-bio').string"
        },
        {
          "type": "generic-data",
          "key": "Site",
          "value": "soup.find('div',class_='profile-website').text.strip('\\t\\r\\n')"
        },
        {
          "type": "generic-data",
          "key": "Member since",
          "value": "soup.find('div',class_='profile-joindate').find('span')['title']"
        },
        {
          "type": "image",
          "key": "picture",
          "value": "'https://nitter.net'+soup.find('a', class_='profile-card-avatar')['href']"
        },
        {
          "type": "location",
          "key": "location",
          "value": "soup.select_one('.profile-location:nth-of-type(2)').text.strip('\\t\\r\\n')"
        }
      ]
    },
    {
      "app": "Telegram",
      "id": 4,
      "method": "GET",
      "url": "https://t.me/{username}",
      "valid": "'You can contact' in soup.find('meta', property='og:description')['content']",
      "metadata": [
        {
          "type": "generic-data",
          "key": "Name",
          "value": "soup.find('span', dir='auto').string"
        },
        {
          "type": "image",
          "key": "picture",
          "value": "soup.find('img', class_='tgme_page_photo_image')['src']"
        }
      ]
    },
    {
      "app": "TikTok",
      "id": 5,
      "method": "GET",
      "url": "https://www.tiktok.com/@{username}",
      "valid": "response.status == 200",
      "metadata": [
        {
          "type": "generic-data",
          "key": "Name",
          "value": "soup.find('h1').text"
        },
        {
          "type": "generic-data",
          "key": "Bio",
          "value": "soup.find('h2', attrs={'data-e2e':'user-bio'}).text"
        },
        {
          "type": "image",
          "key": "picture",
          "value": "soup.find('img')['src']"
        }
      ]
    },
    {
      "app": "Tinder",
      "id": 6,
      "method": "GET",
      "url": "https://tinder.com/@{username}",
      "valid": "'@' in soup.find('meta', property='og:title')['content']",
      "metadata": [
        {
          "type": "generic-data",
          "key": "Name",
          "value": "soup.find('meta', property='profile:first_name')['content']"
        },
        {
          "type": "image",
          "key": "picture",
          "value": "soup.find('meta', property='og:image')['content']"
        }
      ]
    },
    {
      "app": "Instagram",
      "id": 7,
      "method": "GET",
      "url": "https://www.picuki.com/profile/{username}",
      "valid": "response.status == 200",
      "metadata": [
        {
          "type": "generic-data",
          "key": "Name",
          "value": "soup.find('h2', class_='profile-name-bottom').string"
        },
        {
          "type": "generic-data",
          "key": "Bio",
          "value": "soup.find('div', class_='profile-description').text.strip('\\t\\r\\n')"
        },
        {
          "type": "generic-data",
          "key": "Followers",
          "value": "soup.find('span', class_='followed_by').string"
        },
        {
          "type": "generic-data",
          "key": "Following",
          "value": "soup.find('span', class_='follows').string"
        },
        {
          "type": "image",
          "key": "picture",
          "value": "soup.find('div', class_='profile-avatar').find('img')['src']"
        }
      ]
    },
    {
      "app": "Pinterest",
      "id": 8,
      "method": "GET",
      "url": "https://pinterest.com/{username}/",
      "valid": "response.status == 200",
      "metadata": [
        {
          "type": "generic-data",
          "key": "Name",
          "value": "soup.find('h1').string "
        },
        {
          "type": "generic-data",
          "key": "Bio",
          "value": "soup.find('meta', property='og:description')['content']"
        },
        {
          "type": "generic-data",
          "key": "Followers",
          "value": "soup.find('meta', property='pinterestapp:followers')['content']"
        },
        {
          "type": "generic-data",
          "key": "Following",
          "value": "soup.find('meta', property='pinterestapp:following')['content']"
        },
        {
          "type": "image",
          "key": "picture",
          "value": "soup.find('img')['src']"
        }
      ]
    },
    {
      "app": "Snapchat",
      "id": 9,
      "method": "GET",
      "url": "https://feelinsonice.appspot.com/web/deeplink/snapcode?username={username}&size=400&type=SVG",
      "valid": "soup.find('defs') != None",
      "metadata": [
        {
          "type": "image",
          "key": "picture",
          "value": "soup.find('image')['xlink:href']"
        }
      ]
    },
    {
      "app": "Reddit",
      "id": 10,
      "method": "GET",
      "url": "https://www.reddit.com/user/{username}/about.json",
      "valid": "response.status == 200",
      "metadata": [
        {
          "type": "generic-data",
          "key": "Name",
          "value": "jsonData['data']['subreddit']['title']"
        },
        {
          "type": "generic-data",
          "key": "Bio",
          "value": "jsonData['data']['subreddit']['public_description']"
        },
        {
          "type": "image",
          "key": "picture",
          "value": "jsonData['data']['snoovatar_img']"
        }
      ]
    },
    {
      "app": "Soundcloud",
      "id": 11,
      "method": "GET",
      "url": "https://soundcloud.com/{username}",
      "valid": "response.status == 200",
      "metadata": [
        {
          "type": "generic-data",
          "key": "Name",
          "value": "soup.find('header').find('p').string"
        },
        {
          "type": "location",
          "key": "location",
          "value": "soup.find('meta',property='og:locality')['content']+', '+soup.find('meta',property='og:country-name')['content']"
        },
        {
          "type": "image",
          "key": "picture",
          "value": "soup.find('meta',property='twitter:image')['content']"
        }
      ]
    },
    {
      "app": "Github",
      "id": 12,
      "method": "GET",
      "url": "https://github.com/{username}",
      "valid": "response.status == 200",
      "metadata": [
        {
          "type": "generic-data",
          "key": "Name",
          "value": "soup.find('span',class_='p-name').text.strip('\\t\\r\\n')"
        },
        {
          "type": "generic-data",
          "key": "Nickname",
          "value": "soup.find('span',class_='p-nickname').text.strip('\\t\\r\\n')"
        },
        {
          "type": "generic-data",
          "key": "Site",
          "value": "soup.find('a',rel='nofollow me').text"
        },
        {
          "type": "location",
          "key": "location",
          "value": "soup.find('span',class_='p-label').text"
        },
        {
          "type": "image",
          "key": "picture",
          "value": "soup.find('meta',property='og:image')['content']"
        }
      ]
    },
    {
      "app": "Steam",
      "id": 13,
      "method": "GET",
      "url": "https://steamcommunity.com/id/{username}/",
      "valid": "'Error' not in soup.find('title').string",
      "metadata": [
        {
          "type": "generic-data",
          "key": "Name",
          "value": "soup.find('div',class_='header_real_name').find('bdi').text"
        },
        {
          "type": "generic-data",
          "key": "Nickname",
          "value": "soup.find('span',class_='actual_persona_name').string"
        },
        {
          "type": "generic-data",
          "key": "Bio",
          "value": "soup.find('meta',property='og:description')['content']"
        },
        {
          "type": "location",
          "key": "location",
          "value": "soup.find('img',class_='profile_flag').next_sibling.strip('\\t\\r\\n')"
        },
        {
          "type": "image",
          "key": "picture",
          "value": "soup.find('link',rel='image_src')['href']"
        }
      ]
    },
    {
      "app": "Linktree",
      "id": 14,
      "method": "GET",
      "url": "https://linktr.ee/{username}",
      "valid": "response.status == 200",
      "metadata": [
        {
          "type": "generic-data",
          "key": "Name",
          "value": "soup.find('h1').string"
        },
        {
          "type": "generic-data",
          "key": "Description",
          "value": "soup.find('meta',attrs={'name':'description'})['content']"
        },
        {
          "type": "image",
          "key": "picture",
          "value": "soup.find('meta',property='og:image')['content']"
        }
      ]
    },
    {
      "app": "Xbox Gamertag",
      "id": 15,
      "method": "GET",
      "url": "https://www.xboxgamertag.com/search/{username}",
      "valid": "response.status == 200",
      "metadata": [
        {
          "type": "generic-data",
          "key": "Name",
          "value": "soup.find('h1').string"
        },
        {
          "type": "image",
          "key": "picture",
          "value": "'https:' + soup.find('img',class_='rounded img-thumbnail')['src']"
        }
      ]
    },
    {
      "app": "Twitter Archived",
      "id": 16,
      "method": "GET",
      "url": "http://archive.org/wayback/available?url=https://twitter.com/{username}",
      "valid": "'available' in responseContent"
    },
    {
      "app": "Xvideos",
      "id": 17,
      "method": "GET",
      "url": "https://www.xvideos.com/profiles/{username}",
      "valid": "response.status == 200",
      "metadata": [
        {
          "type": "generic-data",
          "key": "Name",
          "value": "soup.find('div',id='profile-title').find('strong').text"
        },
        {
          "type": "generic-data",
          "key": "Gender",
          "value": "soup.find('p',id='pinfo-sex').find('span').text"
        },
        {
          "type": "generic-data",
          "key": "Age",
          "value": "soup.find('p',id='pinfo-age').find('span').text"
        },
        {
          "type": "generic-data",
          "key": "Member since",
          "value": "soup.find('p',id='pinfo-signedup').find('span').text"
        },
        {
          "type": "location",
          "key": "location",
          "value": "soup.find('p',id='pinfo-city').find('span').text+', '+soup.find('p',id='pinfo-country').find('span').text"
        },
        {
          "type": "image",
          "key": "picture",
          "value": "soup.find('img')['src']"
        }
      ]
    },
    {
      "app": "PornHub",
      "id": 18,
      "method": "GET",
      "url": "https://www.pornhub.com/users/{username}",
      "valid": "response.status == 200",
      "metadata": [
        {
          "type": "generic-data",
          "key": "Name",
          "value": "soup.find('div',class_='profileUserName').find('a').string"
        },
        {
          "type": "generic-data",
          "key": "Gender",
          "value": "soup.find('dl',class_='moreInformation').select_one('dd:nth-of-type(1)').string"
        },
        {
          "type": "generic-data",
          "key": "Last login",
          "value": "soup.find('dl',class_='moreInformation').select_one('dd:nth-of-type(2)').string"
        },
        {
          "type": "generic-data",
          "key": "Relationship Status",
          "value": "soup.find('dl',class_='moreInformation').select_one('dd:nth-of-type(3)').string"
        },
        {
          "type": "generic-data",
          "key": "Interested In",
          "value": "soup.find('dl',class_='moreInformation').select_one('dd:nth-of-type(4)').string"
        },
        {
          "type": "location",
          "key": "location",
          "value": "soup.find('dl',class_='moreInformation').select_one('dd:nth-of-type(5)').string+', '+soup.find('dl',class_='moreInformation').select_one('dd:nth-of-type(6)').string"
        },
        {
          "type": "image",
          "key": "picture",
          "value": "soup.find('img',id='getAvatar')['src']"
        }
      ]
    },
    {
      "app": "Xhamster",
      "id": 19,
      "method": "GET",
      "url": "https://xhamster.com/users/{username}",
      "valid": "response.status == 200",
      "metadata": [
        {
          "type": "generic-data",
          "key": "Name",
          "value": "soup.find('div',class_='user-name').text.strip('\\t\\r\\n')"
        },
        {
          "type": "generic-data",
          "key": "Gender",
          "value": "soup.find('div',class_='i-am').find(class_='value').text"
        },
        {
          "type": "generic-data",
          "key": "Last login",
          "value": "soup.find('div',class_='offline').text"
        },
        {
          "type": "location",
          "key": "location",
          "value": "soup.find('div',class_='from').find(class_='value').text"
        },
        {
          "type": "image",
          "key": "picture",
          "value": "soup.find('img',class_='xh-avatar')['src']"
        }
      ]
    },
    {
      "app": "Periscope",
      "id": 20,
      "method": "GET",
      "url": "https://www.periscope.tv/{username}",
      "valid": "response.status == 200"
    },
    {
      "app": "Ask FM",
      "id": 21,
      "method": "GET",
      "url": "https://ask.fm/{username}",
      "valid": "response.status == 200",
      "metadata": [
        {
          "type": "generic-data",
          "key": "Name",
          "value": "soup.find('h1').text"
        },
        {
          "type": "generic-data",
          "key": "Bio",
          "value": "soup.find('div',class_='icon-bio').text"
        },
        {
          "type": "location",
          "key": "location",
          "value": "soup.find('div',class_='icon-location').text"
        },
        {
          "type": "image",
          "key": "picture",
          "value": "soup.find('img',class_='userAvatar')['src']"
        }
      ]
    },
    {
      "app": "Vimeo",
      "id": 22,
      "method": "GET",
      "url": "https://vimeo.com/{username}",
      "valid": "response.status == 200 and soup.find('title').text  != 'VimeOhOh'",
      "metadata": [
        {
          "type": "generic-data",
          "key": "Name",
          "value": "soup.find('meta', property='og:title')['content']"
        },
        {
          "type": "generic-data",
          "key": "Bio",
          "value": "soup.find('meta', property='og:description')['content']"
        },
        {
          "type": "image",
          "key": "picture",
          "value": "soup.find('meta', property='og:image')['content']"
        }
      ]
    },
    {
      "app": "Twitch",
      "id": 23,
      "method": "GET",
      "url": "https://www.twitch.tv/{username}",
      "valid": "' - ' in soup.find('meta', property='og:title')['content']"
    },
    {
      "app": "Pastebin",
      "id": 24,
      "method": "GET",
      "url": "https://pastebin.com/u/{username}",
      "valid": "response.status == 200",
      "metadata": [
        {
          "type": "generic-data",
          "key": "Member since",
          "value": "soup.find('span',class_='date-text')['title']"
        },
        {
          "type": "location",
          "key": "location",
          "value": "soup.find('span',class_='location').text"
        },
        {
          "type": "image",
          "key": "picture",
          "value": "'https://pastebin.com'+soup.find('div',class_='user-icon').find('img')['src']"
        }
      ]
    },
    {
      "app": "WordPress Profile",
      "id": 25,
      "method": "GET",
      "url": "https://profiles.wordpress.org/{username}/",
      "valid": "response.status == 200"
    },
    {
      "app": "WordPress Site",
      "id": 26,
      "method": "GET",
      "url": "https://{username}.wordpress.com/",
      "valid": "'Do you want to register' not in responseContent and 'cannot be registered' not in responseContent"
    },
    {
      "app": "AllMyLinks",
      "id": 27,
      "method": "GET",
      "url": "https://allmylinks.com/{username}",
      "valid": "response.status == 200",
      "metadata": [
        {
          "type": "generic-data",
          "key": "Name",
          "value": "soup.find('span',class_='profile-username').text.strip('\\t\\r\\n')"
        },
        {
          "type": "generic-data",
          "key": "Bio",
          "value": "soup.find('p',class_='profile-bio').text.strip('\\t\\r\\n')"
        },
        {
          "type": "image",
          "key": "picture",
          "value": "soup.find('meta',property='og:image')['content']"
        }
      ]
    },
    {
      "app": "Buzzfeed",
      "id": 28,
      "method": "GET",
      "url": "https://www.buzzfeed.com/{username}",
      "valid": "response.status == 200",
      "metadata": [
        {
          "type": "generic-data",
          "key": "Name",
          "value": "soup.find('meta', attrs={'name':'og:title'})['content']"
        },
        {
          "type": "generic-data",
          "key": "Member since",
          "value": "soup.find('dd').text"
        },
        {
          "type": "image",
          "key": "picture",
          "value": "'https://img.buzzfeed.com/buzzfeed-static'+soup.find('meta',attrs={'name':'og:image'})['content']"
        }
      ]
    },
    {
      "app": "JsFiddle",
      "id": 29,
      "method": "GET",
      "url": "https://jsfiddle.net/user/{username}/",
      "valid": "response.status == 200",
      "metadata": [
        {
          "type": "generic-data",
          "key": "Name",
          "value": "soup.find('div',class_='profileDetails').find('a').text.strip('\\t\\r\\n')"
        },
        {
          "type": "image",
          "key": "picture",
          "value": "soup.find('div',class_='avatar').find('img')['src']"
        }
      ]
    },
    {
      "app": "Sourceforge",
      "id": 30,
      "method": "GET",
      "url": "https://sourceforge.net/u/{username}/profile",
      "valid": "response.status == 200",
      "metadata": [
        {
          "type": "generic-data",
          "key": "Name",
          "value": "soup.find('h1').text.strip('\\t\\r\\n')"
        },
        {
          "type": "generic-data",
          "key": "Member since",
          "value": "soup.find('dl',class_='personal-data').select_one('dd:nth-of-type(2)').string.strip('\\t\\r\\n')"
        },
        {
          "type": "generic-data",
          "key": "Gender",
          "value": "soup.find('dl',class_='personal-data').select_one('dd:nth-of-type(4)').string.strip('\\t\\r\\n')"
        },
        {
          "type": "location",
          "key": "location",
          "value": "soup.find('dl',class_='personal-data').select_one('dd:nth-of-type(3)').string.strip('\\t\\r\\n')"
        },
        {
          "type": "image",
          "key": "picture",
          "value": "soup.find('img',class_='project_icon')['src']"
        }
      ]
    },
    {
      "app": "Kickstarter",
      "id": 31,
      "method": "GET",
      "url": "https://www.kickstarter.com/profile/{username}",
      "valid": "response.status == 200",
      "metadata": [
        {
          "type": "generic-data",
          "key": "Name",
          "value": "soup.find('h2').text.strip('\\n')"
        },
        {
          "type": "image",
          "key": "picture",
          "value": "html.unescape(soup.find('div',id='profile_avatar').find('img')['src'])"
        }
      ]
    },
    {
      "app": "Smule",
      "id": 32,
      "method": "GET",
      "url": "https://www.smule.com/{username}",
      "valid": "'404' not in soup.find('title').string"
    },
    {
      "app": "Blogspot",
      "id": 33,
      "method": "GET",
      "url": "https://{username}.blogspot.com/",
      "valid": "response.status == 200"
    },
    {
      "app": "Tradingview",
      "id": 34,
      "method": "GET",
      "url": "https://www.tradingview.com/u/{username}/",
      "valid": "response.status == 200"
    },
    {
      "app": "Internet Archive",
      "id": 35,
      "method": "GET",
      "url": "https://archive.org/details/@{username}",
      "valid": "'cannot find account' not in soup.find('title').string"
    },
    {
      "app": "Alura",
      "id": 36,
      "method": "GET",
      "url": "https://cursos.alura.com.br/user/{username}",
      "valid": "response.status == 200",
      "metadata": [
        {
          "type": "generic-data",
          "key": "Name",
          "value": "soup.find('h2').string"
        },
        {
          "type": "generic-data",
          "key": "Bio",
          "value": "soup.find('p',class_='profile-header-bio').string.strip('\\t\\r\\n')"
        },
        {
          "type": "image",
          "key": "picture",
          "value": "soup.find('img',class_='profile-header-avatar')['src']"
        }
      ]
    },
    {
      "app": "Behance",
      "id": 37,
      "method": "GET",
      "url": "https://www.behance.net/{username}/",
      "valid": "response.status == 200"
    },
    {
      "app": "MySpace",
      "id": 38,
      "method": "GET",
      "url": "https://myspace.com/{username}",
      "valid": "response.status == 200",
      "metadata": [
        {
          "type": "generic-data",
          "key": "Name",
          "value": "soup.find('h1').text.strip('\\t\\r\\n')"
        },
        {
          "type": "generic-data",
          "key": "Bio",
          "value": "soup.find('div',id='aboutMe').text.strip('\\t\\r\\n')"
        },
        {
          "type": "generic-data",
          "key": "Site",
          "value": "soup.find('div',class_='website').string.strip('\\t\\r\\n')"
        },
        {
          "type": "location",
          "key": "location",
          "value": "soup.find('div',class_='location').string.strip('\\t\\r\\n')"
        },
        {
          "type": "image",
          "key": "picture",
          "value": "soup.find('a',id='profileImage').find('img')['src']"
        }
      ]
    },
    {
      "app": "Disqus",
      "id": 39,
      "method": "GET",
      "url": "https://disqus.com/by/{username}/",
      "valid": "response.status == 200"
    },
    {
      "app": "Slideshare",
      "id": 40,
      "method": "GET",
      "url": "https://www.slideshare.net/{username}",
      "valid": "response.status == 200",
      "metadata": [
        {
          "type": "generic-data",
          "key": "Name",
          "value": "soup.find('h1').text.strip('\\t\\r\\n')"
        },
        {
          "type": "generic-data",
          "key": "Bio",
          "value": "soup.find('span',class_='description').text"
        },
        {
          "type": "location",
          "key": "location",
          "value": "soup.find('span',class_='city').text+', '+soup.find('span',class_='country-name').text"
        },
        {
          "type": "image",
          "key": "picture",
          "value": "soup.find('img',class_='user-photo')['src']"
        }
      ]
    },
    {
      "app": "Rumble",
      "id": 41,
      "method": "GET",
      "url": "https://rumble.com/user/{username}",
      "valid": "response.status == 200",
      "metadata": [
        {
          "type": "generic-data",
          "key": "Name",
          "value": "soup.find('h1').text"
        },
        {
          "type": "image",
          "key": "picture",
          "value": "soup.find('img')['src']"
        }
      ]
    },
    {
      "app": "Ebay",
      "id": 42,
      "method": "GET",
      "url": "https://www.ebay.com/usr/{username}",
      "valid": "'error' not in soup.find('title').string"
    },
    {
      "app": "RedBubble",
      "id": 43,
      "method": "GET",
      "url": "https://www.redbubble.com/people/{username}/shop?asc=u",
      "valid": "response.status == 200"
    },
    {
      "app": "Kik",
      "id": 44,
      "method": "GET",
      "url": "https://ws2.kik.com/user/{username}",
      "valid": "response.status == 200"
    },
    {
      "app": "Roblox",
      "id": 45,
      "method": "GET",
      "url": "https://auth.roblox.com/v1/usernames/validate?username={username}&birthday=2019-12-31T23:00:00.000Z",
      "valid": "'Username is already in use' in jsonData['message']"
    },
    {
      "app": "Armor Games",
      "id": 46,
      "method": "GET",
      "url": "https://armorgames.com/user/{username}",
      "valid": "response.status == 200"
    },
    {
      "app": "Fortnite Tracker",
      "id": 47,
      "method": "GET",
      "url": "https://fortnitetracker.com/profile/all/{username}",
      "valid": "response.status == 200"
    },
    {
      "app": "Duolingo",
      "id": 48,
      "method": "GET",
      "url": "https://www.duolingo.com/2017-06-30/users?username={username}&_=1628308619574",
      "valid": "len(jsonData['users']) > 0",
      "metadata": [
        {
          "type": "generic-data",
          "key": "Name",
          "value": "json['users'][0]['name']"
        }
      ]
    },
    {
      "app": "Chess",
      "id": 49,
      "method": "GET",
      "url": "https://www.chess.com/member/{username}",
      "valid": "response.status == 200"
    },
    {
      "app": "Shopify",
      "id": 50,
      "method": "GET",
      "url": "https://{username}.myshopify.com/",
      "valid": "response.status == 200"
    },
    {
      "app": "Untappd",
      "id": 51,
      "method": "GET",
      "url": "https://untappd.com/user/{username}/",
      "valid": "response.status == 200",
      "metadata": [
        {
          "type": "generic-data",
          "key": "Name",
          "value": "soup.find('h1').text"
        },
        {
          "type": "location",
          "key": "location",
          "value": "soup.find('p',class_='location').text"
        },
        {
          "type": "image",
          "key": "picture",
          "value": "soup.find('div',class='avatar-holder').find('img')['src']"
        }
      ]
    },
    {
      "app": "Last FM",
      "id": 52,
      "method": "GET",
      "url": "https://www.last.fm/user/{username}",
      "valid": "response.status == 200"
    },
    {
      "app": "Cash APP",
      "id": 53,
      "method": "GET",
      "url": "https://cash.app/${username}",
      "valid": "response.status == 200"
    },
    {
      "app": "Imgur",
      "id": 54,
      "method": "GET",
      "url": "https://api.imgur.com/account/v1/accounts/{username}?client_id=546c25a59c58ad7&include=trophies%2Cmedallions",
      "valid": "response.status == 200"
    },
    {
      "app": "Trello",
      "id": 55,
      "method": "GET",
      "url": "https://trello.com/1/Members/{username}?fields=activityBlocked%2CavatarUrl%2Cbio%2CbioData%2Cconfirmed%2CfullName%2CidEnterprise%2CidMemberReferrer%2Cinitials%2CmemberType%2CnonPublic%2Cproducts%2Curl%2Cusername",
      "valid": "response.status == 200",
      "metadata": [
        {
          "type": "generic-data",
          "key": "Name",
          "value": "jsonData['fullName']"
        }
      ]
    },
    {
      "app": "Minecraft",
      "id": 56,
      "method": "GET",
      "url": "https://playerdb.co/api/player/minecraft/{username}",
      "valid": "response.status == 200",
      "metadata": [
        {
          "type": "image",
          "key": "picture",
          "value": "jsonData['data']['player']['avatar']"
        }
      ]
    },
    {
      "app": "Patreon",
      "id": 57,
      "method": "GET",
      "url": "https://www.patreon.com/{username}",
      "valid": "response.status == 200"
    },
    {
      "app": "DockerHub",
      "id": 58,
      "method": "GET",
      "url": "https://hub.docker.com/v2/users/{username}/",
      "valid": "response.status == 200"
    },
    {
      "app": "Kongregate",
      "id": 59,
      "method": "GET",
      "url": "https://www.kongregate.com/accounts/{username}",
      "valid": "response.status == 200"
    },
    {
      "app": "Vine",
      "id": 60,
      "method": "GET",
      "url": "https://vine.co/api/users/profiles/vanity/{username}",
      "valid": "response.status == 200"
    },
    {
      "app": "Gamespot",
      "id": 61,
      "method": "GET",
      "url": "https://www.gamespot.com/profile/{username}/",
      "valid": "response.status == 200"
    },
    {
      "app": "Shutterstock",
      "id": 62,
      "method": "GET",
      "url": "https://www.shutterstock.com/pt/g/{username}/about",
      "valid": "response.status == 200"
    },
    {
      "app": "Chaturbate",
      "id": 63,
      "method": "GET",
      "url": "https://chaturbate.com/{username}/",
      "valid": "response.status == 200"
    },
    {
      "app": "ProtonMail",
      "headers": "{'X-Pm-Appversion': 'web-account@4.28.2','X-Pm-Appversion': 'web-account@4.28.2'}",
      "id": 64,
      "method": "GET",
      "url": "https://account.protonmail.com/api/users/available?Name={username}",
      "valid": "response.status == 409"
    },
    {
      "app": "TripAdvisor",
      "id": 65,
      "method": "GET",
      "url": "https://www.tripadvisor.com/Profile/{username}",
      "valid": "response.status == 200"
    },
    {
      "app": "RapidAPI",
      "id": 66,
      "method": "GET",
      "url": "https://rapidapi.com/user/{username}",
      "valid": "response.status == 200"
    },
    {
      "app": "HackTheBox",
      "id": 67,
      "json": "{{\"type\": \"username\",\"input\": \"{username}\"}}",
      "method": "POST",
      "url": "https://www.hackthebox.com/api/v4/register/check",
      "valid": "jsonData['message']['found'] == True"
    },
    {
      "app": "Wikipedia",
      "id": 68,
      "method": "GET",
      "url": "https://en.wikipedia.org/w/api.php?action=query&format=json&list=users&ususers={username}&usprop=cancreate&formatversion=2&errorformat=html&errorsuselocal=true&uselang=en",
      "valid": "'userexists' in responseContent"
    },
    {
      "app": "Buymeacoffe",
      "id": 69,
      "method": "GET",
      "url": "https://www.buymeacoffee.com/{username}",
      "valid": "response.status == 200"
    },
    {
      "app": "Arduino",
      "id": 70,
      "method": "GET",
      "url": "https://create.arduino.cc/projecthub/{username}",
      "valid": "response.status == 200"
    },
    {
      "app": "League of Legends Tracker",
      "id": 71,
      "method": "GET",
      "url": "https://tracker.gg/lol/profile/riot/NA/{username}/overview",
      "valid": "response.status == 200"
    },
    {
      "app": "Lego Ideas",
      "id": 72,
      "method": "GET",
      "url": "https://ideas.lego.com/profile/{username}/entries?query=&sort=top",
      "valid": "response.status == 200"
    },
    {
      "app": "Fiverr",
      "id": 73,
      "method": "GET",
      "url": "https://www.fiverr.com/{username}",
      "valid": "response.status == 200 and 'Member since' in responseContent"
    },
    {
      "app": "Redtube",
      "id": 74,
      "method": "GET",
      "url": "https://www.redtube.com.br/users/{username}",
      "valid": "response.status == 200"
    },
    {
      "app": "Dribble",
      "id": 75,
      "method": "GET",
      "url": "https://dribbble.com/{username}",
      "valid": "response.status == 200"
    },
    {
      "app": "Packet Storm Security",
      "id": 76,
      "method": "GET",
      "url": "https://packetstormsecurity.com/users/{username}",
      "valid": "response.status == 200 and 'User Profile for' in responseContent"
    },
    {
      "app": "Ello",
      "id": 77,
      "method": "GET",
      "url": "https://ello.co/{username}",
      "valid": "response.status == 200"
    },
    {
      "app": "Medium",
      "id": 78,
      "method": "GET",
      "url": "https://medium.com/@{username}",
      "valid": "response.status == 200"
    },
    {
      "app": "Hackaday",
      "id": 79,
      "method": "GET",
      "url": "https://hackaday.io/{username}",
      "valid": "response.status == 200"
    },
    {
      "app": "Keybase",
      "id": 80,
      "method": "GET",
      "url": "https://keybase.io/{username}",
      "valid": "response.status == 200"
    },
    {
      "app": "HackerOne",
      "id": 81,
      "method": "GET",
      "url": "https://hackerone.com/{username}?type=user",
      "valid": "response.status == 200"
    },
    {
      "app": "BugCrowd",
      "id": 82,
      "method": "GET",
      "url": "https://bugcrowd.com/{username}",
      "valid": "response.status == 200"
    },
    {
      "app": "OneCompiler",
      "id": 83,
      "method": "GET",
      "url": "https://onecompiler.com/api/users/{username}",
      "valid": "response.status == 200 and 'name' in responseContent"
    },
    {
      "app": "TryHackMe",
      "id": 84,
      "method": "GET",
      "url": "https://tryhackme.com/p/{username}",
      "valid": "response.status == 200"
    },
    {
      "app": "Lyrics Training",
      "id": 85,
      "method": "GET",
      "url": "https://lyricstraining.com/search?user={username}",
      "valid": "response.status == 200 and 'Sorry, there are no results for your search.' not in responseContent"
    },
    {
      "app": "Expo",
      "id": 86,
      "method": "GET",
      "url": "https://forums.expo.dev/u/{username}",
      "valid": "response.status == 200"
    },
    {
      "app": "RAWG",
      "id": 87,
      "method": "GET",
      "url": "https://rawg.io/@{username}",
      "valid": "response.status == 200"
    },
    {
      "app": "Coroflot",
      "id": 88,
      "method": "GET",
      "url": "https://www.coroflot.com/{username}",
      "valid": "response.status == 200"
    },
    {
      "app": "Cloudflare",
      "id": 89,
      "method": "GET",
      "url": "https://community.cloudflare.com/u/{username}",
      "valid": "response.status == 200"
    },
    {
      "app": "Wattpad",
      "id": 90,
      "method": "GET",
      "url": "https://www.wattpad.com/user/{username}",
      "valid": "response.status == 200"
    },
    {
      "app": "Mixlr",
      "id": 91,
      "method": "GET",
      "url": "https://mixlr.com/{username}/",
      "valid": "response.status == 200"
    },
    {
      "app": "ImageShack",
      "id": 92,
      "method": "GET",
      "url": "https://imageshack.com/user/{username}",
      "valid": "response.status == 200 and 's Images' in responseContent"
    },
    {
      "app": "Freelancer",
      "id": 93,
      "method": "GET",
      "url": "https://www.freelancer.com/u/{username}",
      "valid": "response.status == 200"
    },
    {
      "app": "Dev To",
      "id": 94,
      "method": "GET",
      "url": "https://dev.to/{username}",
      "valid": "response.status == 200"
    },
    {
      "app": "BitBucket",
      "id": 95,
      "method": "GET",
      "url": "https://bitbucket.org/{username}/",
      "valid": "response.status == 200"
    },
    {
      "app": "Ko Fi",
      "id": 96,
      "method": "GET",
      "url": "https://ko-fi.com/{username}",
      "valid": "response.status == 200 and 'Become a supporter of' in responseContent"
    },
    {
      "app": "Flickr",
      "id": 97,
      "method": "GET",
      "url": "https://www.flickr.com/photos/{username}/",
      "valid": "response.status == 200"
    },
    {
      "app": "HackerEarth",
      "id": 98,
      "method": "GET",
      "url": "https://www.hackerearth.com/@{username}",
      "valid": "response.status == 200 and '404 | HackerEarth' not in responseContent"
    },
    {
      "app": "Spotify",
      "id": 99,
      "method": "GET",
      "url": "https://open.spotify.com/user/{username}",
      "valid": "response.status == 200 and 'on Spotify' in responseContent"
    },
    {
      "app": "Snapchat Stories",
      "id": 100,
      "method": "GET",
      "url": "https://story.snapchat.com/s/{username}",
      "valid": "response.status == 200",
      "metadata": [
        {
          "type": "generic-data",
          "key": "Name",
          "value": "soup.find('h4').string"
        }
      ]
    },
    {
      "app": "Audio Jungle",
      "id": 101,
      "method": "GET",
      "url": "https://audiojungle.net/user/{username}",
      "valid": "response.status == 200"
    },
    {
      "app": "Avid Community",
      "id": 102,
      "method": "GET",
      "url": "https://community.avid.com/members/{username}/default.aspx",
      "valid": "response.status == 200 and 'Member since' in responseContent"
    },
    {
      "app": "Bandlab",
      "id": 103,
      "method": "GET",
      "url": "https://www.bandlab.com/api/v1.3/users/{username}",
      "valid": "response.status == 200"
    },
    {
      "app": "Carrd",
      "id": 104,
      "method": "GET",
      "url": "https://{username}.carrd.co/",
      "valid": "response.status == 200"
    },
    {
      "app": "CastingCallClub",
      "id": 105,
      "method": "GET",
      "url": "https://www.castingcall.club/{username}",
      "valid": "response.status == 200 and '404 not found' not in responseContent"
    },
    {
      "app": "Coderwall",
      "id": 106,
      "method": "GET",
      "url": "https://coderwall.com/{username}/",
      "valid": "response.status == 200"
    },
    {
      "app": "Codewars",
      "id": 107,
      "method": "GET",
      "url": "https://www.codewars.com/users/{username}",
      "valid": "response.status == 200"
    },
    {
      "app": "F3",
      "id": 108,
      "method": "GET",
      "url": "https://f3.cool/{username}",
      "valid": "response.status == 200"
    },
    {
      "app": "Gab",
      "id": 109,
      "method": "GET",
      "url": "https://gab.com/{username}",
      "valid": "response.status == 200"
    },
    {
      "app": "Issuu",
      "id": 110,
      "method": "GET",
      "url": "https://issuu.com/{username}",
      "valid": "response.status == 200",
      "metadata": [
        {
          "type": "generic-data",
          "key": "Name",
          "value": "soup.find('h1').text"
        },
        {
          "type": "location",
          "key": "location",
          "value": "soup.find('h2').text"
        },
        {
          "type": "image",
          "key": "picture",
          "value": "'https:'+soup.find('img')['src']"
        }
      ]
    },
    {
      "app": "Steemit",
      "id": 111,
      "method": "GET",
      "url": "https://steemit.com/@{username}",
      "valid": "response.status == 200"
    },
    {
      "app": "Venmo",
      "id": 112,
      "method": "GET",
      "url": "https://account.venmo.com/u/{username}",
      "valid": "response.status == 200"
    },
    {
      "app": "MODDB",
      "id": 113,
      "method": "GET",
      "url": "https://www.moddb.com/members/{username}",
      "valid": "response.status == 200"
    },
    {
      "app": "COLOURlovers",
      "id": 114,
      "method": "GET",
      "url": "https://www.colourlovers.com/lover/{username}",
      "valid": "response.status == 200"
    },
    {
      "app": "Scheme Color",
      "id": 115,
      "method": "GET",
      "url": "https://www.schemecolor.com/author/{username}",
      "valid": "response.status == 200"
    },
    {
      "app": "Roblox Trade",
      "id": 116,
      "method": "GET",
      "url": "https://rblx.trade/p/{username}",
      "valid": "response.status == 200 and 'Currently Wearing' in responseContent"
    },
    {
      "app": "Aetherhub",
      "id": 117,
      "method": "GET",
      "url": "https://aetherhub.com/User/{username}",
      "valid": "response.status == 200",
      "metadata": [
        {
          "type": "image",
          "key": "picture",
          "value": "soup.find('img', class_='ae-profile-image-card')['src']"
        }
      ]
    },
    {
      "app": "BugBounty",
      "id": 118,
      "method": "GET",
      "url": "https://bugbounty.gg/members/{username}/",
      "valid": "response.status == 200",
      "metadata": [
        {
          "type": "generic-data",
          "key": "Name",
          "value": "soup.find('h1').text"
        },
        {
          "type": "image",
          "key": "picture",
          "value": "soup.find('img', class_='avatar user-319-avatar avatar-450 photo')['src']"
        }
      ]
    },
    {
      "app": "Huntr",
      "id": 119,
      "method": "GET",
      "url": "https://huntr.dev/users/{username}/",
      "valid": "response.status == 200"
    },
    {
      "app": "Universocraft",
      "id": 120,
      "method": "GET",
      "url": "https://stats.universocraft.com/stats.php?player={username}",
      "valid": "response.status == 200"
    },
    {
      "app": "Wireclub",
      "id": 121,
      "method": "GET",
      "url": "https://www.wireclub.com/users/{username}",
      "valid": "response.status == 200 and 'profile-info' in responseContent",
      "metadata": [
        {
          "type": "generic-data",
          "key": "Name",
          "value": "soup.find('meta', property='og:title')['content']"
        },
        {
          "type": "image",
          "key": "picture",
          "value": "soup.find('meta', property='og:image')['content']"
        }
      ]
    },
    {
      "app": "AminoApps",
      "id": 122,
      "method": "GET",
      "url": "https://aminoapps.com/u/{username}",
      "valid": "response.status == 200",
      "metadata": [
        {
          "type": "generic-data",
          "key": "Name",
          "value": "soup.find('span', class_='NvNickname').text"
        },
        {
          "type": "generic-data",
          "key": "Bio",
          "value": "soup.find('div', class_='bio').string.strip('\\t\\r\\n')"
        },
        {
          "type": "image",
          "key": "picture",
          "value": "'https:' + soup.find('img', alt='Avatar')['src']"
        }
      ]
    },
    {
      "app": "Trakt",
      "id": 123,
      "method": "GET",
      "url": "https://trakt.tv/users/{username}",
      "valid": "response.status == 200",
      "metadata": [
        {
          "type": "generic-data",
          "key": "Name",
          "value": "soup.find('h1').find('a').text"
        },
        {
          "type": "generic-data",
          "key": "Bio",
          "value": "soup.find('h4').text"
        },
        {
          "type": "generic-data",
          "key": "Age",
          "value": "soup.find('span',title='Age').text"
        },
        {
          "type": "generic-data",
          "key": "Gender",
          "value": "soup.find('h3',class_='emojis-supported').contents[2]['title']"
        },
        {
          "type": "location",
          "key": "location",
          "value": "soup.find('h3',class_='emojis-supported').contents[1]"
        },
        {
          "type": "image",
          "key": "picture",
          "value": "soup.find('img', class_='avatar')['src']"
        }
      ]
    },
    {
      "app": "Giphy",
      "id": 124,
      "method": "GET",
      "url": "https://giphy.com/channel/{username}",
      "valid": "response.status == 200"
    },
    {
      "app": "Minecraft List",
      "id": 125,
      "method": "GET",
      "url": "https://minecraftlist.com/players/{username}",
      "valid": "response.status == 200 and '0 Minecraft servers' not in responseContent",
      "metadata": [
        {
          "type": "generic-data",
          "key": "Servers",
          "value": "soup.find('div',class_='flex items-center bg-white p-2 mb-3').text"
        },
        {
          "type": "image",
          "key": "picture",
          "value": "'https://minecraftlist.com' + soup.find('img')['src']"
        }
      ]
    },
    {
      "app": "SEOClerks",
      "id": 126,
      "method": "GET",
      "url": "https://www.seoclerks.com/user/{username}",
      "valid": "response.status == 200 and 'user-data' in responseContent",
      "metadata": [
        {
          "type": "generic-data",
          "key": "Name",
          "value": "soup.find('div',class_='profile-link').text.strip('\\t\\r\\n')"
        },
        {
          "type": "generic-data",
          "key": "Member since",
          "value": "soup.find('div',class_='user-data').find('span').text"
        },
        {
          "type": "location",
          "key": "location",
          "value": "soup.find('div',class_='flag-pill')['data-content']"
        },
        {
          "type": "image",
          "key": "picture",
          "value": "soup.find('div',class_='user-avatar').find('img')['src']"
        }
      ]
    },
    {
      "app": "Mix",
      "id": 127,
      "method": "GET",
      "url": "https://mix.com/{username}/",
      "valid": "response.status == 200 and 'user-data' in responseContent",
      "metadata": [
        {
          "type": "generic-data",
          "key": "Name",
          "value": "soup.find('div',class_='IntoUserProfileLayout__name').text"
        },
        {
          "type": "image",
          "key": "picture",
          "value": "soup.find('meta',property='og:image')['content']"
        }
      ]
    },
    {
      "app": "Codecademy",
      "id": 128,
      "method": "GET",
      "url": "https://discuss.codecademy.com/u/{username}/summary",
      "valid": "response.status == 200"
    },
    {
      "app": "Bandcamp",
      "id": 129,
      "method": "GET",
      "url": "https://bandcamp.com/{username}",
      "valid": "response.status == 200",
      "metadata": [
        {
          "type": "generic-data",
          "key": "Name",
          "value": "soup.find('h1').text"
        },
        {
          "type": "generic-data",
          "key": "Bio",
          "value": "soup.find(class_='blurb-text').text.strip('\\t\\r\\n')"
        },
        {
          "type": "generic-data",
          "key": "Site",
          "value": "soup.find(class_='website').text.strip('\\t\\r\\n')"
        },
        {
          "type": "image",
          "key": "picture",
          "value": "soup.find('meta',property='og:image')['content']"
        }
      ]
    },
    {
      "app": "Poshmark",
      "id": 130,
      "method": "GET",
      "url": "https://poshmark.com/closet/{username}",
      "valid": "response.status == 200",
      "metadata": [
        {
          "type": "generic-data",
          "key": "Name",
          "value": "soup.find('h1').text"
        },
        {
          "type": "location",
          "key": "location",
          "value": "soup.find('div',class_='d--fl ai--c').find('span').text"
        },
        {
          "type": "image",
          "key": "picture",
          "value": "soup.find('div',class_='closet__header__info').find('img')['src']"
        }
      ]
    },
    {
      "app": "hackster",
      "id": 131,
      "method": "GET",
      "url": "https://www.hackster.io/{username}",
      "valid": "response.status == 200",
      "metadata": [
        {
          "type": "generic-data",
          "key": "Name",
          "value": "soup.find('h1').text"
        },
        {
          "type": "image",
          "key": "picture",
          "value": "soup.find_all('img')[2]['src']"
        }
      ]
    },
    {
      "app": "BodyBuilding",
      "id": 132,
      "method": "GET",
      "url": "https://bodyspace.bodybuilding.com/{username}/",
      "valid": "response.status == 200 and 'infoSummary' in responseContent",
      "metadata": [
        {
          "type": "generic-data",
          "key": "Name",
          "value": "soup.find('div',class_='infoSummary').find('ul').find_all('li')[0].text.replace('REAL NAME', '')"
        },
        {
          "type": "generic-data",
          "key": "Age",
          "value": "soup.find('div',class_='infoSummary').find('ul').find_all('li')[1].text.replace('AGE', '')"
        },
        {
          "type": "generic-data",
          "key": "Gender",
          "value": "soup.find('div',class_='infoSummary').find('ul').find_all('li')[2].text.replace('GENDER', '') "
        },
        {
          "type": "location",
          "key": "location",
          "value": "soup.find('div',class_='infoSummary').find('ul').find_all('li')[3].text.replace('LOCATION', '')"
        },
        {
          "type": "generic-data",
          "key": "Member since",
          "value": "soup.find('div',class_='infoSummary').find('ul').find_all('li')[4].text.replace('member since', '')"
        },
        {
          "type": "image",
          "key": "picture",
          "value": "'https:' + soup.find_all('img',class_='BodyBanner-profile-pic__img')['src']"
        }
      ]
    },
    {
      "app": "Mastodon",
      "id": 133,
      "method": "GET",
      "url": "https://mastodon.social/@{username}",
      "valid": "response.status == 200",
      "metadata": [
        {
          "type": "generic-data",
          "key": "Name",
          "value": "soup.find('strong',class_='display-name__html').text"
        },
        {
          "type": "image",
          "key": "picture",
          "value": "soup.find('img',id='profile_page_avatar')['src']"
        }
      ]
    },
    {
      "app": "IFTTT",
      "id": 134,
      "method": "GET",
      "url": "https://ifttt.com/p/{username}",
      "valid": "response.status == 200"
    },
    {
      "app": "Anime Planet",
      "id": 135,
      "method": "GET",
      "url": "https://www.anime-planet.com/users/{username}",
      "valid": "'Profile' in soup.find('title').text and response.status == 200",
      "metadata": [
        {
          "type": "generic-data",
          "key": "Name",
          "value": "soup.find('h1').text.strip('\\t\\r\\n')"
        },
        {
          "type": "generic-data",
          "key": "Bio",
          "value": "soup.find('section',class_='profBio userContent').find('p').text"
        },
        {
          "type": "image",
          "key": "picture",
          "value": "'https://www.anime-planet.com' + soup.find('img',id='user-avatar')['src']"
        }
      ]
    },
    {
      "app": "Destructoid",
      "id": 136,
      "method": "GET",
      "url": "https://www.destructoid.com/?name={username}",
      "valid": "'userinfo_photo' in responseContent and response.status == 200",
      "metadata": [
        {
          "type": "image",
          "key": "picture",
          "value": "'https://www.destructoid.com/'+soup.find('div',id='userinfo_photo').find('img')['src']"
        }
      ]
    },
    {
      "app": "Gitee",
      "id": 137,
      "method": "GET",
      "url": "https://gitee.com/{username}",
      "valid": "response.status == 200",
      "metadata": [
        {
          "type": "generic-data",
          "key": "Name",
          "value": "soup.find('h2').text.strip('\\t\\r\\n')"
        },
        {
          "type": "generic-data",
          "key": "Bio",
          "value": "soup.find('p',class_='bio').text"
        },
        {
          "type": "image",
          "key": "picture",
          "value": "soup.find('img',class_='ui image avatar')['src']"
        }
      ]
    },
    {
      "app": "Teknik",
      "id": 138,
      "method": "GET",
      "url": "https://user.teknik.io/{username}",
      "valid": "response.status == 200 and 'Profile' in soup.find('title').text",
      "metadata": [
        {
          "type": "generic-data",
          "key": "Name",
          "value": "soup.find('h1').text.strip('\\t\\r\\n')"
        }
      ]
    },
    {
      "app": "BitChute",
      "id": 139,
      "method": "GET",
      "url": "https://www.bitchute.com/channel/{username}/",
      "valid": "response.status == 200",
      "metadata": [
        {
          "type": "generic-data",
          "key": "Name",
          "value": "soup.find('p',class_='name').text.strip('\\t\\r\\n')"
        },
        {
          "type": "image",
          "key": "picture",
          "value": "soup.find('img',class_='image lazyloaded')['src']"
        }
      ]
    },
    {
      "app": "The Tatto Forum",
      "id": 140,
      "method": "GET",
      "url": "https://www.thetattooforum.com/members/{username}/",
      "valid": "response.status == 200"
    },
    {
      "app": "NPM",
      "id": 141,
      "method": "GET",
      "url": "https://www.npmjs.com/~{username}",
      "valid": "response.status == 200"
    },
    {
      "app": "PyPI",
      "id": 142,
      "method": "GET",
      "url": "https://pypi.org/user/{username}/",
      "valid": "response.status == 200"
    },
    {
      "app": "HackenProof",
      "id": 143,
      "method": "GET",
      "url": "https://hackenproof.com/{username}",
      "valid": "response.status == 200"
    },
    {
      "app": "VKontakte",
      "id": 144,
      "method": "GET",
      "url": "https://vk.com/{username}/",
      "valid": "response.status == 200",
      "metadata": [
        {
          "type": "generic-data",
          "key": "Name",
          "value": "soup.find('h1',class_='page_name').text"
        },
        {
          "type": "image",
          "key": "picture",
          "value": "'https://vk.com/' + soup.find('img',class_='page_avatar_img')['src']"
        }
      ]
    },
    {
      "app": "about me",
      "id": 145,
      "method": "GET",
      "url": "https://about.me/{username}",
      "valid": "response.status == 200"
    },
    {
      "app": "Dissenter",
      "id": 146,
      "method": "GET",
      "url": "https://dissenter.com/user/{username}",
      "valid": "response.status == 200"
    },
    {
      "app": "Designspiration",
      "id": 147,
      "method": "GET",
      "url": "https://www.designspiration.com/{username}/",
      "valid": "response.status == 200"
    },
    {
      "app": "Fark",
      "id": 148,
      "method": "GET",
      "url": "https://www.fark.com/users/{username}",
      "valid": "response.status == 200 and 'No such user' not in responseContent"
    },
    {
      "app": "mmorpg",
      "id": 149,
      "method": "GET",
      "url": "https://forums.mmorpg.com/profile/{username}",
      "valid": "response.status == 200"
    },
    {
      "app": "Pikabu",
      "id": 150,
      "method": "GET",
      "url": "https://pikabu.ru/@{username}",
      "valid": "response.status == 200"
    },
    {
      "app": "Playstation Network",
      "id": 151,
      "method": "GET",
      "url": "https://psnprofiles.com/{username}",
      "valid": "response.status == 200 and 'username' in responseContent"
    },
    {
      "app": "Warrior Forum",
      "id": 152,
      "method": "GET",
      "url": "https://www.warriorforum.com/members/{username}.html",
      "valid": "response.status == 200"
    },
    {
      "app": "Pxilart",
      "id": 153,
      "method": "GET",
      "url": "https://www.pixilart.com/{username}",
      "valid": "response.status == 200",
      "metadata": [
        {
          "type": "generic-data",
          "key": "Name",
          "value": "soup.find('h1').text"
        },
        {
          "type": "image",
          "key": "picture",
          "value": "soup.find('div', class_='user-profile-image mb-0 mb-md-0').find('a').find('img')['src']"
        }
      ]
    }
  ]
}
